rt6_print,,,,,,,,,,,,,
ikev2_ke_print,ikev2_ID_print,ikev2_auth_print,,,,,,,,,,,
ikev1_id_print,,,,,,,,,,,,,
olsr_print,,,,,,,,,,,,,
chdlc_if_print,chdlc_print,,,,,,,,,,,,
isis_print_is_reach_subtlv,,,,,,,,,,,,,
lldp_private_8023_print,,,,,,,,,,,,,
decode_rt_routing_info,,,,,,,,,,,,,
cfm_network_addr_print,cfm_print,,,,,,,,,,,,
rsvp_obj_print,,,,,,,,,,,,,
rpki_rtr_pdu_print,,,,,,,,,,,,,
ubik_print,,,,,,,,,,,,,
rsvp_obj_print,,,,,,,,,,,,,
esis_print,,,,,,,,,,,,,
bgp_attr_print,,,,,,,,,,,,,
vqp_print,,,,,,,,,,,,,
dhcpv4_print,,,,,,,,,,,,,
decode_multicast_vpn,,,,,,,,,,,,,
dhcpv6_print,,,,,,,,,,,,,
icmp6_nodeinfo_print,,,,,,,,,,,,,
mp_capable_print,mp_join_print,,,,,,,,,,,,
ikev1_attrmap_print,ikev1_t_print,ikev1_n_print,ikev2_t_print,,,,,,,,,,
handle_mlppp,,,,,,,,,,,,,
ip_printts,ip_optprint,,,,,,,,,,,,
ospf6_decode_v3,,,,,,,,,,,,,
isis_print_id,,,,,,,,,,,,,
pgm_print,,,,,,,,,,,,,
vtp_print,,,,,,,,,,,,,
print_attr_string,,,,,,,,,,,,,
frag6_print,,,,,,,,,,,,,
pimv1_join_prune_print,pimv1_print,cisco_autorp_print,pim_print,pimv2_addrtype,pimv2_addr_print,pimv2_print,,,,,,,
print_lcp_config_options,print_bacp_config_options,print_ccp_config_options,print_ipcp_config_options,,,,,,,,,,
bootp_print,,,,,,,,,,,,,
lldp_mgmt_addr_tlv_print,,,,,,,,,,,,,
isis_print_mt_port_cap_subtlv,isis_print_mt_capability_subtlv,,,,,,,,,,,,
mobility_opt_print,,,,,,,,,,,,,
mobility_opt_print,,,,,,,,,,,,,
mobility_opt_print,,,,,,,,,,,,,
ip_printroute,ip_optprint,,,,,,,,,,,,
icmp6_print,,,,,,,,,,,,,
vtp_print,,,,,,,,,,,,,
pgm_print,,,,,,,,,,,,,
pgm_print,,,,,,,,,,,,,
dhcp6opt_print,,,,,,,,,,,,,
esis_print,,,,,,,,,,,,,
eap_print,,,,,,,,,,,,,
wb_prep,wb_print,,,,,,,,,,,,
tpaddr_print_ip,atmarp_tpaddr_print,atmarp_print,,,,,,,,,,,
icmp_print,,,,,,,,,,,,,
bittok2str_internal,,,,,,,,,,,,,
l_strnstart,beep_print,,,,,,,,,,,,
mobility_print,,,,,,,,,,,,,
parse_elements,,,,,,,,,,,,,
pktap_if_print,,,,,,,,,,,,,
l2tp_msgtype_print,l2tp_result_code_print,l2tp_framing_cap_print,l2tp_bearer_cap_print,l2tp_bearer_type_print,l2tp_packet_proc_delay_print,l2tp_ppp_discon_cc_print,l2tp_avp_print,,,,,,
xid_map_enter,,,,,,,,,,,,,
juniper_parse_header,,,,,,,,,,,,,
aodv_extension,,,,,,,,,,,,,
nfs_printfh,,,,,,,,,,,,,
ieee802_15_4_if_print,,,,,,,,,,,,,
isis_print,,,,,,,,,,,,,
isis_print_extd_ip_reach,,,,,,,,,,,,,
lldp_private_8021_print,,,,,,,,,,,,,
pimv2_print,,,,,,,,,,,,,
ns_nprint,,,,,,,,,,,,,
bgp_attr_print,,,,,,,,,,,,,
juniper_ggsn_print,juniper_es_print,juniper_monitor_print,juniper_services_print,juniper_pppoe_atm_print,juniper_atm1_print,juniper_atm2_print,juniper_parse_header,,,,,,
ripng_print,,,,,,,,,,,,,
bgp_attr_print,,,,,,,,,,,,,
ikev1_nonce_print,ikev1_n_print,ikev2_auth_print,ikev2_n_print,,,,,,,,,,
resp_get_length,,,,,,,,,,,,,
telnet_parse,,,,,,,,,,,,,
parse_elements,,,,,,,,,,,,,
ip6_print,,,,,,,,,,,,,
parse_field,zephyr_print,,,,,,,,,,,,
eigrp_print,,,,,,,,,,,,,
decnet_print,print_decnet_ctlmsg,,,,,,,,,,,,
nfsreq_print_noaddr,parserep,parse_wcc_attr,interp_reply,,,,,,,,,,
atm_if_print,chdlc_print,ethertype_print,fr_print,gre_print_0,isoclns_print,juniper_mlppp_print,juniper_mfr_print,juniper_atm1_print,juniper_atm2_print,llc_print,mpls_print,null_if_print,handle_ppp
isakmp_rfc3948_print,,,,,,,,,,,,,
icmp_print,,,,,,,,,,,,,
lookup_bytestring,le64addr_string,linkaddr_string,,,,,,,,,,,
name_len,,,,,,,,,,,,,
